exchange_trade_id,config_file_path,strategy,market,symbol,base_asset,quote_asset,timestamp,order_id,trade_type,order_type,price,amount,leverage,trade_fee,position,age
62e16e3c4f42a87422bb114e,conf_avellaneda_market_making_1.yml,avellaneda_market_making,kucoin,AVAX-USDT,AVAX,USDT,1658940988000,BAXUT182409696a1820b0816d0490c3a1ca21d43,BUY,LIMIT_MAKER,21.084,2,1,"{'fee_type': 'AddedToCost', 'percent': '0.001', 'percent_token': None, 'flat_fees': []}",NIL,00:00:01
62e16e7b4f42a87422bb28ec,conf_avellaneda_market_making_1.yml,avellaneda_market_making,kucoin,AVAX-USDT,AVAX,USDT,1658941052000,BAXUT182409788ad820b0816d0490c3a1ca21d43,BUY,LIMIT_MAKER,21.005,2,1,"{'fee_type': 'AddedToCost', 'percent': '0.001', 'percent_token': None, 'flat_fees': []}",NIL,00:00:03
62e16ec04f42a87422bb3a4e,conf_avellaneda_market_making_1.yml,avellaneda_market_making,kucoin,AVAX-USDT,AVAX,USDT,1658941120000,SAXUT18240989a1c820b0816d0490c3a1ca21d43,SELL,LIMIT_MAKER,20.954,2,1,"{'fee_type': 'AddedToCost', 'percent': '0.001', 'percent_token': None, 'flat_fees': []}",NIL,00:00:01
62e16f084f42a87422bb4dcf,conf_avellaneda_market_making_1.yml,avellaneda_market_making,kucoin,AVAX-USDT,AVAX,USDT,1658941193000,BAXUT1824099a3bc820b0816d0490c3a1ca21d43,BUY,LIMIT_MAKER,21.004,2,1,"{'fee_type': 'AddedToCost', 'percent': '0.001', 'percent_token': None, 'flat_fees': []}",NIL,00:00:06
62e16f4a4f42a87422bb62b7,conf_avellaneda_market_making_1.yml,avellaneda_market_making,kucoin,AVAX-USDT,AVAX,USDT,1658941258000,SAXUT182409aa977820b0816d0490c3a1ca21d43,SELL,LIMIT_MAKER,20.972,2,1,"{'fee_type': 'AddedToCost', 'percent': '0.001', 'percent_token': None, 'flat_fees': []}",NIL,00:00:04
62e16f974f42a87422bb759c,conf_avellaneda_market_making_1.yml,avellaneda_market_making,kucoin,AVAX-USDT,AVAX,USDT,1658941335000,SAXUT182409bd63f820b0816d0490c3a1ca21d43,SELL,LIMIT_MAKER,20.98,0.0346,1,"{'fee_type': 'AddedToCost', 'percent': '0.001', 'percent_token': None, 'flat_fees': []}",NIL,00:00:04
62e16fb64f42a87422bb7c12,conf_avellaneda_market_making_1.yml,avellaneda_market_making,kucoin,AVAX-USDT,AVAX,USDT,1658941366000,BAXUT182409c4b6d820b0816d0490c3a1ca21d43,BUY,LIMIT_MAKER,20.96,2,1,"{'fee_type': 'AddedToCost', 'percent': '0.001', 'percent_token': None, 'flat_fees': []}",NIL,00:00:05
62e170044f42a87422bb8ea0,conf_avellaneda_market_making_1.yml,avellaneda_market_making,kucoin,AVAX-USDT,AVAX,USDT,1658941444000,SAXUT182409d7c4c820b0816d0490c3a1ca21d43,SELL,LIMIT_MAKER,20.977,2,1,"{'fee_type': 'AddedToCost', 'percent': '0.001', 'percent_token': None, 'flat_fees': []}",NIL,00:00:05
62e1704e4f42a87422bb9a70,conf_avellaneda_market_making_1.yml,avellaneda_market_making,kucoin,AVAX-USDT,AVAX,USDT,1658941518000,SAXUT182409e955c820b0816d0490c3a1ca21d43,SELL,LIMIT_MAKER,20.966,2,1,"{'fee_type': 'AddedToCost', 'percent': '0.001', 'percent_token': None, 'flat_fees': []}",NIL,00:00:07
62e170a64f42a87422bba7b3,conf_avellaneda_market_making_1.yml,avellaneda_market_making,kucoin,AVAX-USDT,AVAX,USDT,1658941606000,BAXUT182409ff8d9820b0816d0490c3a1ca21d43,BUY,LIMIT_MAKER,20.964,2,1,"{'fee_type': 'AddedToCost', 'percent': '0.001', 'percent_token': None, 'flat_fees': []}",NIL,00:00:04
62e170e64f42a87422bbb24b,conf_avellaneda_market_making_1.yml,avellaneda_market_making,kucoin,AVAX-USDT,AVAX,USDT,1658941670000,BAXUT18240a0f6bc820b0816d0490c3a1ca21d43,BUY,LIMIT_MAKER,20.952,2,1,"{'fee_type': 'AddedToCost', 'percent': '0.001', 'percent_token': None, 'flat_fees': []}",NIL,00:00:03
62e171274f42a87422bbbbf2,conf_avellaneda_market_making_1.yml,avellaneda_market_making,kucoin,AVAX-USDT,AVAX,USDT,1658941735000,SAXUT18240a1f0eb820b0816d0490c3a1ca21d43,SELL,LIMIT_MAKER,20.955,2,1,"{'fee_type': 'AddedToCost', 'percent': '0.001', 'percent_token': None, 'flat_fees': []}",NIL,00:00:04
62e1717a4f42a87422bbc7e5,conf_avellaneda_market_making_1.yml,avellaneda_market_making,kucoin,AVAX-USDT,AVAX,USDT,1658941818000,SAXUT18240a334f4820b0816d0490c3a1ca21d43,SELL,LIMIT_MAKER,20.991,2,1,"{'fee_type': 'AddedToCost', 'percent': '0.001', 'percent_token': None, 'flat_fees': []}",NIL,00:00:04
62e1719e4f42a87422bbcc51,conf_avellaneda_market_making_1.yml,avellaneda_market_making,kucoin,AVAX-USDT,AVAX,USDT,1658941854000,BAXUT18240a334f3820b0816d0490c3a1ca21d43,BUY,LIMIT_MAKER,20.967,2,1,"{'fee_type': 'AddedToCost', 'percent': '0.001', 'percent_token': None, 'flat_fees': []}",NIL,00:00:40
62e171e44f42a87422bbd4d1,conf_avellaneda_market_making_1.yml,avellaneda_market_making,kucoin,AVAX-USDT,AVAX,USDT,1658941924000,SAXUT18240a4d6f0820b0816d0490c3a1ca21d43,SELL,LIMIT_MAKER,20.977,2,1,"{'fee_type': 'AddedToCost', 'percent': '0.001', 'percent_token': None, 'flat_fees': []}",NIL,00:00:03
62e1724f4f42a87422bbe3a2,conf_avellaneda_market_making_1.yml,avellaneda_market_making,kucoin,AVAX-USDT,AVAX,USDT,1658942031000,SAXUT18240a67511820b0816d0490c3a1ca21d43,SELL,LIMIT_MAKER,21.002,2,1,"{'fee_type': 'AddedToCost', 'percent': '0.001', 'percent_token': None, 'flat_fees': []}",NIL,00:00:04
62e1725e4f42a87422bbe5cf,conf_avellaneda_market_making_1.yml,avellaneda_market_making,kucoin,AVAX-USDT,AVAX,USDT,1658942046000,BAXUT18240a67510820b0816d0490c3a1ca21d43,BUY,LIMIT_MAKER,20.982,2,1,"{'fee_type': 'AddedToCost', 'percent': '0.001', 'percent_token': None, 'flat_fees': []}",NIL,00:00:19
62e172a04f42a87422bbf1eb,conf_avellaneda_market_making_1.yml,avellaneda_market_making,kucoin,AVAX-USDT,AVAX,USDT,1658942112000,SAXUT18240a7ad9a820b0816d0490c3a1ca21d43,SELL,LIMIT_MAKER,21.032,2,1,"{'fee_type': 'AddedToCost', 'percent': '0.001', 'percent_token': None, 'flat_fees': []}",NIL,00:00:05
62e172e04f42a87422bbfdce,conf_avellaneda_market_making_1.yml,avellaneda_market_making,kucoin,AVAX-USDT,AVAX,USDT,1658942176000,SAXUT18240a8af4f820b0816d0490c3a1ca21d43,SELL,LIMIT_MAKER,21.065,2,1,"{'fee_type': 'AddedToCost', 'percent': '0.001', 'percent_token': None, 'flat_fees': []}",NIL,00:00:03
62e1731e4f42a87422bc1191,conf_avellaneda_market_making_1.yml,avellaneda_market_making,kucoin,AVAX-USDT,AVAX,USDT,1658942239000,SAXUT18240a9a94f820b0816d0490c3a1ca21d43,SELL,LIMIT_MAKER,21.139,2,1,"{'fee_type': 'AddedToCost', 'percent': '0.001', 'percent_token': None, 'flat_fees': []}",NIL,00:00:02
62e173624f42a87422bc1d70,conf_avellaneda_market_making_1.yml,avellaneda_market_making,kucoin,AVAX-USDT,AVAX,USDT,1658942306000,BAXUT18240aab6d4820b0816d0490c3a1ca21d43,BUY,LIMIT_MAKER,21.145,2,1,"{'fee_type': 'AddedToCost', 'percent': '0.001', 'percent_token': None, 'flat_fees': []}",NIL,00:00:00
62e1739f4f42a87422bc2749,conf_avellaneda_market_making_1.yml,avellaneda_market_making,kucoin,AVAX-USDT,AVAX,USDT,1658942367000,BAXUT18240aba51d820b0816d0490c3a1ca21d43,BUY,LIMIT_MAKER,21.12,2,1,"{'fee_type': 'AddedToCost', 'percent': '0.001', 'percent_token': None, 'flat_fees': []}",NIL,00:00:00
62e173ee4f42a87422bc396f,conf_avellaneda_market_making_1.yml,avellaneda_market_making,kucoin,AVAX-USDT,AVAX,USDT,1658942446000,BAXUT18240acd9bb820b0816d0490c3a1ca21d43,BUY,LIMIT_MAKER,21.096,2,1,"{'fee_type': 'AddedToCost', 'percent': '0.001', 'percent_token': None, 'flat_fees': []}",NIL,00:00:00
62e1743d4f42a87422bc477a,conf_avellaneda_market_making_1.yml,avellaneda_market_making,kucoin,AVAX-USDT,AVAX,USDT,1658942526000,SAXUT18240adf6dd820b0816d0490c3a1ca21d43,SELL,LIMIT_MAKER,21.07,2,1,"{'fee_type': 'AddedToCost', 'percent': '0.001', 'percent_token': None, 'flat_fees': []}",NIL,00:00:07
62e1747f4f42a87422bc4e29,conf_avellaneda_market_making_1.yml,avellaneda_market_making,kucoin,AVAX-USDT,AVAX,USDT,1658942591000,BAXUT18240af0082820b0816d0490c3a1ca21d43,BUY,LIMIT_MAKER,21.058,2,1,"{'fee_type': 'AddedToCost', 'percent': '0.001', 'percent_token': None, 'flat_fees': []}",NIL,00:00:04
62e174cd4f42a87422bc55c3,conf_avellaneda_market_making_1.yml,avellaneda_market_making,kucoin,AVAX-USDT,AVAX,USDT,1658942669000,BAXUT18240b02d49820b0816d0490c3a1ca21d43,BUY,LIMIT_MAKER,21.02,2,1,"{'fee_type': 'AddedToCost', 'percent': '0.001', 'percent_token': None, 'flat_fees': []}",NIL,00:00:05
62e175114f42a87422bc60ec,conf_avellaneda_market_making_1.yml,avellaneda_market_making,kucoin,AVAX-USDT,AVAX,USDT,1658942737000,SAXUT18240b14686820b0816d0490c3a1ca21d43,SELL,LIMIT_MAKER,20.986,2,1,"{'fee_type': 'AddedToCost', 'percent': '0.001', 'percent_token': None, 'flat_fees': []}",NIL,00:00:01
62e175574f42a87422bc6897,conf_avellaneda_market_making_1.yml,avellaneda_market_making,kucoin,AVAX-USDT,AVAX,USDT,1658942807000,SAXUT18240b238b9820b0816d0490c3a1ca21d43,SELL,LIMIT_MAKER,21.028,1.3833,1,"{'fee_type': 'AddedToCost', 'percent': '0.001', 'percent_token': None, 'flat_fees': []}",NIL,00:00:09
62e175574f42a87422bc689d,conf_avellaneda_market_making_1.yml,avellaneda_market_making,kucoin,AVAX-USDT,AVAX,USDT,1658942807000,SAXUT18240b238b9820b0816d0490c3a1ca21d43,SELL,LIMIT_MAKER,21.028,0.6167,1,"{'fee_type': 'AddedToCost', 'percent': '0.001', 'percent_token': None, 'flat_fees': []}",NIL,00:00:09
62e175954f42a87422bc749f,conf_avellaneda_market_making_1.yml,avellaneda_market_making,kucoin,AVAX-USDT,AVAX,USDT,1658942869000,SAXUT18240b34a28820b0816d0490c3a1ca21d43,SELL,LIMIT_MAKER,21.061,2,1,"{'fee_type': 'AddedToCost', 'percent': '0.001', 'percent_token': None, 'flat_fees': []}",NIL,00:00:01
62e175d44f42a87422bc84f8,conf_avellaneda_market_making_1.yml,avellaneda_market_making,kucoin,AVAX-USDT,AVAX,USDT,1658942932000,SAXUT18240b43c5a820b0816d0490c3a1ca21d43,SELL,LIMIT_MAKER,21.162,0.01417635,1,"{'fee_type': 'AddedToCost', 'percent': '0.001', 'percent_token': None, 'flat_fees': []}",NIL,00:00:02
62e175d44f42a87422bc8502,conf_avellaneda_market_making_1.yml,avellaneda_market_making,kucoin,AVAX-USDT,AVAX,USDT,1658942932000,SAXUT18240b43c5a820b0816d0490c3a1ca21d43,SELL,LIMIT_MAKER,21.162,1.9716,1,"{'fee_type': 'AddedToCost', 'percent': '0.001', 'percent_token': None, 'flat_fees': []}",NIL,00:00:02
62e175d44f42a87422bc8504,conf_avellaneda_market_making_1.yml,avellaneda_market_making,kucoin,AVAX-USDT,AVAX,USDT,1658942932000,SAXUT18240b43c5a820b0816d0490c3a1ca21d43,SELL,LIMIT_MAKER,21.162,0.01422365,1,"{'fee_type': 'AddedToCost', 'percent': '0.001', 'percent_token': None, 'flat_fees': []}",NIL,00:00:02
62e175e94f42a87422bc8be2,conf_avellaneda_market_making_1.yml,avellaneda_market_making,kucoin,AVAX-USDT,AVAX,USDT,1658942953000,BAXUT18240b43c59820b0816d0490c3a1ca21d43,BUY,LIMIT_MAKER,21.144,2,1,"{'fee_type': 'AddedToCost', 'percent': '0.001', 'percent_token': None, 'flat_fees': []}",NIL,00:00:23
62e1762b4f42a87422bc99aa,conf_avellaneda_market_making_1.yml,avellaneda_market_making,kucoin,AVAX-USDT,AVAX,USDT,1658943019000,SAXUT18240b58476820b0816d0490c3a1ca21d43,SELL,LIMIT_MAKER,21.169,2,1,"{'fee_type': 'AddedToCost', 'percent': '0.001', 'percent_token': None, 'flat_fees': []}",NIL,00:00:05
62e176764f42a87422bcaa8c,conf_avellaneda_market_making_1.yml,avellaneda_market_making,kucoin,AVAX-USDT,AVAX,USDT,1658943094000,BAXUT18240b6b529820b0816d0490c3a1ca21d43,BUY,LIMIT_MAKER,21.172,2,1,"{'fee_type': 'AddedToCost', 'percent': '0.001', 'percent_token': None, 'flat_fees': []}",NIL,00:00:02
62e176cc4f42a87422bcb736,conf_avellaneda_market_making_1.yml,avellaneda_market_making,kucoin,AVAX-USDT,AVAX,USDT,1658943180000,BAXUT18240b80518820b0816d0490c3a1ca21d43,BUY,LIMIT_MAKER,21.168,2,1,"{'fee_type': 'AddedToCost', 'percent': '0.001', 'percent_token': None, 'flat_fees': []}",NIL,00:00:02
62e177234f42a87422bccb7b,conf_avellaneda_market_making_1.yml,avellaneda_market_making,kucoin,AVAX-USDT,AVAX,USDT,1658943267000,BAXUT18240b958ec820b0816d0490c3a1ca21d43,BUY,LIMIT_MAKER,21.12,2,1,"{'fee_type': 'AddedToCost', 'percent': '0.001', 'percent_token': None, 'flat_fees': []}",NIL,00:00:02
62e1777b4f42a87422bcdf90,conf_avellaneda_market_making_1.yml,avellaneda_market_making,kucoin,AVAX-USDT,AVAX,USDT,1658943355000,BAXUT18240baaced820b0816d0490c3a1ca21d43,BUY,LIMIT_MAKER,21.105,2,1,"{'fee_type': 'AddedToCost', 'percent': '0.001', 'percent_token': None, 'flat_fees': []}",NIL,00:00:03
62e177a34f42a87422bce5b7,conf_avellaneda_market_making_1.yml,avellaneda_market_making,kucoin,AVAX-USDT,AVAX,USDT,1658943395000,SAXUT18240baacee820b0816d0490c3a1ca21d43,SELL,LIMIT_MAKER,21.133,2,1,"{'fee_type': 'AddedToCost', 'percent': '0.001', 'percent_token': None, 'flat_fees': []}",NIL,00:00:43
62e177fa4f42a87422bcf48a,conf_avellaneda_market_making_1.yml,avellaneda_market_making,kucoin,AVAX-USDT,AVAX,USDT,1658943482000,BAXUT18240bca0c6820b0816d0490c3a1ca21d43,BUY,LIMIT_MAKER,21.088,2,1,"{'fee_type': 'AddedToCost', 'percent': '0.001', 'percent_token': None, 'flat_fees': []}",NIL,00:00:02
62e178084f42a87422bcf8aa,conf_avellaneda_market_making_1.yml,avellaneda_market_making,kucoin,AVAX-USDT,AVAX,USDT,1658943496000,SAXUT18240bca0c7820b0816d0490c3a1ca21d43,SELL,LIMIT_MAKER,21.113,2,1,"{'fee_type': 'AddedToCost', 'percent': '0.001', 'percent_token': None, 'flat_fees': []}",NIL,00:00:16
62e178454f42a87422bd03a6,conf_avellaneda_market_making_1.yml,avellaneda_market_making,kucoin,AVAX-USDT,AVAX,USDT,1658943557000,BAXUT18240bdcdad820b0816d0490c3a1ca21d43,BUY,LIMIT_MAKER,21.126,2,1,"{'fee_type': 'AddedToCost', 'percent': '0.001', 'percent_token': None, 'flat_fees': []}",NIL,00:00:00
62e178494f42a87422bd0540,conf_avellaneda_market_making_1.yml,avellaneda_market_making,kucoin,AVAX-USDT,AVAX,USDT,1658943561000,SAXUT18240bdcdae820b0816d0490c3a1ca21d43,SELL,LIMIT_MAKER,21.146,1.11392225,1,"{'fee_type': 'AddedToCost', 'percent': '0.001', 'percent_token': None, 'flat_fees': []}",NIL,00:00:04
62e1784a4f42a87422bd058d,conf_avellaneda_market_making_1.yml,avellaneda_market_making,kucoin,AVAX-USDT,AVAX,USDT,1658943562000,SAXUT18240bdcdae820b0816d0490c3a1ca21d43,SELL,LIMIT_MAKER,21.146,0.0106,1,"{'fee_type': 'AddedToCost', 'percent': '0.001', 'percent_token': None, 'flat_fees': []}",NIL,00:00:05
62e178514f42a87422bd06a2,conf_avellaneda_market_making_1.yml,avellaneda_market_making,kucoin,AVAX-USDT,AVAX,USDT,1658943569000,SAXUT18240bdcdae820b0816d0490c3a1ca21d43,SELL,LIMIT_MAKER,21.146,0.0299,1,"{'fee_type': 'AddedToCost', 'percent': '0.001', 'percent_token': None, 'flat_fees': []}",NIL,00:00:12
62e178574f42a87422bd0744,conf_avellaneda_market_making_1.yml,avellaneda_market_making,kucoin,AVAX-USDT,AVAX,USDT,1658943575000,SAXUT18240bdcdae820b0816d0490c3a1ca21d43,SELL,LIMIT_MAKER,21.146,0.8455,1,"{'fee_type': 'AddedToCost', 'percent': '0.001', 'percent_token': None, 'flat_fees': []}",NIL,00:00:18
62e178584f42a87422bd074a,conf_avellaneda_market_making_1.yml,avellaneda_market_making,kucoin,AVAX-USDT,AVAX,USDT,1658943576000,SAXUT18240bdcdae820b0816d0490c3a1ca21d43,SELL,LIMIT_MAKER,21.146,0.00007775,1,"{'fee_type': 'AddedToCost', 'percent': '0.001', 'percent_token': None, 'flat_fees': []}",NIL,00:00:19
62e178964f42a87422bd11f6,conf_avellaneda_market_making_1.yml,avellaneda_market_making,kucoin,AVAX-USDT,AVAX,USDT,1658943638000,SAXUT18240bf060c820b0816d0490c3a1ca21d43,SELL,LIMIT_MAKER,21.175,2,1,"{'fee_type': 'AddedToCost', 'percent': '0.001', 'percent_token': None, 'flat_fees': []}",NIL,00:00:01
62e179364f42a87422bd2c3b,conf_avellaneda_market_making_1.yml,avellaneda_market_making,kucoin,AVAX-USDT,AVAX,USDT,1658943798000,SAXUT18240c16f40820b0816d0490c3a1ca21d43,SELL,LIMIT_MAKER,21.171,2,1,"{'fee_type': 'AddedToCost', 'percent': '0.001', 'percent_token': None, 'flat_fees': []}",NIL,00:00:03
62e1799a4f42a87422bd3eff,conf_avellaneda_market_making_1.yml,avellaneda_market_making,kucoin,AVAX-USDT,AVAX,USDT,1658943898000,SAXUT18240c2f1f5820b0816d0490c3a1ca21d43,SELL,LIMIT_MAKER,21.165,0.0249,1,"{'fee_type': 'AddedToCost', 'percent': '0.001', 'percent_token': None, 'flat_fees': []}",NIL,00:00:04
62e179cd4f42a87422bd47e7,conf_avellaneda_market_making_1.yml,avellaneda_market_making,kucoin,AVAX-USDT,AVAX,USDT,1658943949000,BAXUT18240c3c4e5820b0816d0490c3a1ca21d43,BUY,LIMIT_MAKER,21.13,2,1,"{'fee_type': 'AddedToCost', 'percent': '0.001', 'percent_token': None, 'flat_fees': []}",NIL,00:00:01
62e17a1c4f42a87422bd5b77,conf_avellaneda_market_making_1.yml,avellaneda_market_making,kucoin,AVAX-USDT,AVAX,USDT,1658944028000,SAXUT18240c4f97f820b0816d0490c3a1ca21d43,SELL,LIMIT_MAKER,21.121,2,1,"{'fee_type': 'AddedToCost', 'percent': '0.001', 'percent_token': None, 'flat_fees': []}",NIL,00:00:01
62e17a624f42a87422bd68f9,conf_avellaneda_market_making_1.yml,avellaneda_market_making,kucoin,AVAX-USDT,AVAX,USDT,1658944098000,BAXUT18240c60375820b0816d0490c3a1ca21d43,BUY,LIMIT_MAKER,21.136,2,1,"{'fee_type': 'AddedToCost', 'percent': '0.001', 'percent_token': None, 'flat_fees': []}",NIL,00:00:03
62e17ab94f42a87422bd76a3,conf_avellaneda_market_making_1.yml,avellaneda_market_making,kucoin,AVAX-USDT,AVAX,USDT,1658944185000,BAXUT18240c75adf820b0816d0490c3a1ca21d43,BUY,LIMIT_MAKER,21.09,2,1,"{'fee_type': 'AddedToCost', 'percent': '0.001', 'percent_token': None, 'flat_fees': []}",NIL,00:00:02
62e17b144f42a87422bd8187,conf_avellaneda_market_making_1.yml,avellaneda_market_making,kucoin,AVAX-USDT,AVAX,USDT,1658944276000,SAXUT18240c8aec0820b0816d0490c3a1ca21d43,SELL,LIMIT_MAKER,21.093,2,1,"{'fee_type': 'AddedToCost', 'percent': '0.001', 'percent_token': None, 'flat_fees': []}",NIL,00:00:06
62e17b6b4f42a87422bd8d95,conf_avellaneda_market_making_1.yml,avellaneda_market_making,kucoin,AVAX-USDT,AVAX,USDT,1658944363000,SAXUT18240ca0e4a820b0816d0490c3a1ca21d43,SELL,LIMIT_MAKER,21.125,2,1,"{'fee_type': 'AddedToCost', 'percent': '0.001', 'percent_token': None, 'flat_fees': []}",NIL,00:00:03
62e17bba4f42a87422bd9a0e,conf_avellaneda_market_making_1.yml,avellaneda_market_making,kucoin,AVAX-USDT,AVAX,USDT,1658944442000,BAXUT18240cb4e96820b0816d0490c3a1ca21d43,BUY,LIMIT_MAKER,21.122,2,1,"{'fee_type': 'AddedToCost', 'percent': '0.001', 'percent_token': None, 'flat_fees': []}",NIL,00:00:00
62e17bcd4f42a87422bd9c54,conf_avellaneda_market_making_1.yml,avellaneda_market_making,kucoin,AVAX-USDT,AVAX,USDT,1658944461000,SAXUT18240cb4e97820b0816d0490c3a1ca21d43,SELL,LIMIT_MAKER,21.139,0.66,1,"{'fee_type': 'AddedToCost', 'percent': '0.001', 'percent_token': None, 'flat_fees': []}",NIL,00:00:19
62e17bcd4f42a87422bd9c57,conf_avellaneda_market_making_1.yml,avellaneda_market_making,kucoin,AVAX-USDT,AVAX,USDT,1658944461000,SAXUT18240cb4e97820b0816d0490c3a1ca21d43,SELL,LIMIT_MAKER,21.139,1.34,1,"{'fee_type': 'AddedToCost', 'percent': '0.001', 'percent_token': None, 'flat_fees': []}",NIL,00:00:19
62e17c0b4f42a87422bda76c,conf_avellaneda_market_making_1.yml,avellaneda_market_making,kucoin,AVAX-USDT,AVAX,USDT,1658944523000,SAXUT18240cc8717820b0816d0490c3a1ca21d43,SELL,LIMIT_MAKER,21.159,2,1,"{'fee_type': 'AddedToCost', 'percent': '0.001', 'percent_token': None, 'flat_fees': []}",NIL,00:00:01
62e17c554f42a87422bdb300,conf_avellaneda_market_making_1.yml,avellaneda_market_making,kucoin,AVAX-USDT,AVAX,USDT,1658944597000,SAXUT18240cd7947820b0816d0490c3a1ca21d43,SELL,LIMIT_MAKER,21.164,1.5264,1,"{'fee_type': 'AddedToCost', 'percent': '0.001', 'percent_token': None, 'flat_fees': []}",NIL,00:00:13
62e17c6d4f42a87422bdb7f3,conf_avellaneda_market_making_1.yml,avellaneda_market_making,kucoin,AVAX-USDT,AVAX,USDT,1658944621000,BAXUT18240cd7946820b0816d0490c3a1ca21d43,BUY,LIMIT_MAKER,21.147,2,1,"{'fee_type': 'AddedToCost', 'percent': '0.001', 'percent_token': None, 'flat_fees': []}",NIL,00:00:37
62e17cc54f42a87422bdce8f,conf_avellaneda_market_making_1.yml,avellaneda_market_making,kucoin,AVAX-USDT,AVAX,USDT,1658944709000,SAXUT18240cf55d4820b0816d0490c3a1ca21d43,SELL,LIMIT_MAKER,21.086,2,1,"{'fee_type': 'AddedToCost', 'percent': '0.001', 'percent_token': None, 'flat_fees': []}",NIL,00:00:03
62e17cdc4f42a87422bdd290,conf_avellaneda_market_making_1.yml,avellaneda_market_making,kucoin,AVAX-USDT,AVAX,USDT,1658944732000,BAXUT18240cf55d3820b0816d0490c3a1ca21d43,BUY,LIMIT_MAKER,21.066,2,1,"{'fee_type': 'AddedToCost', 'percent': '0.001', 'percent_token': None, 'flat_fees': []}",NIL,00:00:26
62e17d214f42a87422bddf83,conf_avellaneda_market_making_1.yml,avellaneda_market_making,kucoin,AVAX-USDT,AVAX,USDT,1658944801000,BAXUT18240d0c11b820b0816d0490c3a1ca21d43,BUY,LIMIT_MAKER,21.06,0.9084,1,"{'fee_type': 'AddedToCost', 'percent': '0.001', 'percent_token': None, 'flat_fees': []}",NIL,00:00:02
62e17d214f42a87422bddf8e,conf_avellaneda_market_making_1.yml,avellaneda_market_making,kucoin,AVAX-USDT,AVAX,USDT,1658944801000,BAXUT18240d0c11b820b0816d0490c3a1ca21d43,BUY,LIMIT_MAKER,21.06,1.09,1,"{'fee_type': 'AddedToCost', 'percent': '0.001', 'percent_token': None, 'flat_fees': []}",NIL,00:00:02
62e17d254f42a87422bde13e,conf_avellaneda_market_making_1.yml,avellaneda_market_making,kucoin,AVAX-USDT,AVAX,USDT,1658944805000,SAXUT18240d0d88c820b0816d0490c3a1ca21d43,SELL,LIMIT_MAKER,21.089,1.32,1,"{'fee_type': 'AddedToCost', 'percent': '0.001', 'percent_token': None, 'flat_fees': []}",NIL,00:00:00
62e17d254f42a87422bde13f,conf_avellaneda_market_making_1.yml,avellaneda_market_making,kucoin,AVAX-USDT,AVAX,USDT,1658944805000,SAXUT18240d0d88c820b0816d0490c3a1ca21d43,SELL,LIMIT_MAKER,21.089,0.68,1,"{'fee_type': 'AddedToCost', 'percent': '0.001', 'percent_token': None, 'flat_fees': []}",NIL,00:00:00
62e17d674f42a87422be1655,conf_avellaneda_market_making_1.yml,avellaneda_market_making,kucoin,AVAX-USDT,AVAX,USDT,1658944871000,SAXUT18240d1c71a820b0816d0490c3a1ca21d43,SELL,LIMIT_MAKER,21.643,1.9984,1,"{'fee_type': 'AddedToCost', 'percent': '0.001', 'percent_token': None, 'flat_fees': []}",NIL,00:00:05
62e17da74f42a87422be4361,conf_avellaneda_market_making_1.yml,avellaneda_market_making,kucoin,AVAX-USDT,AVAX,USDT,1658944935000,BAXUT18240d2c8ac820b0816d0490c3a1ca21d43,BUY,LIMIT_MAKER,21.887,2,1,"{'fee_type': 'AddedToCost', 'percent': '0.001', 'percent_token': None, 'flat_fees': []}",NIL,00:00:03
62e17de84f42a87422be65cb,conf_avellaneda_market_making_1.yml,avellaneda_market_making,kucoin,AVAX-USDT,AVAX,USDT,1658945000000,SAXUT18240d3c2a5820b0816d0490c3a1ca21d43,SELL,LIMIT_MAKER,22.068,2,1,"{'fee_type': 'AddedToCost', 'percent': '0.001', 'percent_token': None, 'flat_fees': []}",NIL,00:00:04
62e17e144f42a87422be84c6,conf_avellaneda_market_making_1.yml,avellaneda_market_making,kucoin,AVAX-USDT,AVAX,USDT,1658945044000,BAXUT18240d3c2a4820b0816d0490c3a1ca21d43,BUY,LIMIT_MAKER,22.014,2,1,"{'fee_type': 'AddedToCost', 'percent': '0.001', 'percent_token': None, 'flat_fees': []}",NIL,00:00:48
62e17e514f42a87422beb266,conf_avellaneda_market_making_1.yml,avellaneda_market_making,kucoin,AVAX-USDT,AVAX,USDT,1658945105000,BAXUT18240d56c70820b0816d0490c3a1ca21d43,BUY,LIMIT_MAKER,21.713,2,1,"{'fee_type': 'AddedToCost', 'percent': '0.001', 'percent_token': None, 'flat_fees': []}",NIL,n/a
62e17e8f4f42a87422bedc9f,conf_avellaneda_market_making_1.yml,avellaneda_market_making,kucoin,AVAX-USDT,AVAX,USDT,1658945167000,BAXUT18240d65abc820b0816d0490c3a1ca21d43,BUY,LIMIT_MAKER,21.801,0.93,1,"{'fee_type': 'AddedToCost', 'percent': '0.001', 'percent_token': None, 'flat_fees': []}",NIL,00:00:01
62e17e904f42a87422bedd3d,conf_avellaneda_market_making_1.yml,avellaneda_market_making,kucoin,AVAX-USDT,AVAX,USDT,1658945168000,BAXUT18240d65abc820b0816d0490c3a1ca21d43,BUY,LIMIT_MAKER,21.801,1.07,1,"{'fee_type': 'AddedToCost', 'percent': '0.001', 'percent_token': None, 'flat_fees': []}",NIL,00:00:02
62e17edc4f42a87422bf0114,conf_avellaneda_market_making_1.yml,avellaneda_market_making,kucoin,AVAX-USDT,AVAX,USDT,1658945244000,SAXUT18240d77fdd820b0816d0490c3a1ca21d43,SELL,LIMIT_MAKER,21.767,2,1,"{'fee_type': 'AddedToCost', 'percent': '0.001', 'percent_token': None, 'flat_fees': []}",NIL,00:00:03
62e17f2d4f42a87422bf264e,conf_avellaneda_market_making_1.yml,avellaneda_market_making,kucoin,AVAX-USDT,AVAX,USDT,1658945325000,BAXUT18240d8bfff820b0816d0490c3a1ca21d43,BUY,LIMIT_MAKER,21.797,2,1,"{'fee_type': 'AddedToCost', 'percent': '0.001', 'percent_token': None, 'flat_fees': []}",NIL,00:00:02
62e17f524f42a87422bf3cf2,conf_avellaneda_market_making_1.yml,avellaneda_market_making,kucoin,AVAX-USDT,AVAX,USDT,1658945362000,SAXUT18240d8c000820b0816d0490c3a1ca21d43,SELL,LIMIT_MAKER,21.852,2,1,"{'fee_type': 'AddedToCost', 'percent': '0.001', 'percent_token': None, 'flat_fees': []}",NIL,00:00:39
62e17f934f42a87422bf6b6f,conf_avellaneda_market_making_1.yml,avellaneda_market_making,kucoin,AVAX-USDT,AVAX,USDT,1658945427000,SAXUT18240da469d820b0816d0490c3a1ca21d43,SELL,LIMIT_MAKER,21.85,2,1,"{'fee_type': 'AddedToCost', 'percent': '0.001', 'percent_token': None, 'flat_fees': []}",NIL,00:00:04
62e17fd44f42a87422bf8b55,conf_avellaneda_market_making_1.yml,avellaneda_market_making,kucoin,AVAX-USDT,AVAX,USDT,1658945492000,BAXUT18240db4489820b0816d0490c3a1ca21d43,BUY,LIMIT_MAKER,21.894,0.4567,1,"{'fee_type': 'AddedToCost', 'percent': '0.001', 'percent_token': None, 'flat_fees': []}",NIL,00:00:04
62e17fd44f42a87422bf8b6c,conf_avellaneda_market_making_1.yml,avellaneda_market_making,kucoin,AVAX-USDT,AVAX,USDT,1658945492000,BAXUT18240db4489820b0816d0490c3a1ca21d43,BUY,LIMIT_MAKER,21.894,1.5433,1,"{'fee_type': 'AddedToCost', 'percent': '0.001', 'percent_token': None, 'flat_fees': []}",NIL,00:00:04
62e181b24f42a87422c03fb5,conf_avellaneda_market_making_1.yml,avellaneda_market_making,kucoin,AVAX-USDT,AVAX,USDT,1658945970000,SAXUT18240e29788820b0816d0490c3a1ca21d43,SELL,LIMIT_MAKER,21.99,0.0409,1,"{'fee_type': 'AddedToCost', 'percent': '0.001', 'percent_token': None, 'flat_fees': []}",NIL,00:00:02
62e181b44f42a87422c040a6,conf_avellaneda_market_making_1.yml,avellaneda_market_making,kucoin,AVAX-USDT,AVAX,USDT,1658945972000,SAXUT18240e29788820b0816d0490c3a1ca21d43,SELL,LIMIT_MAKER,21.99,1.9591,1,"{'fee_type': 'AddedToCost', 'percent': '0.001', 'percent_token': None, 'flat_fees': []}",NIL,00:00:04
62e1821a4f42a87422c06508,conf_avellaneda_market_making_1.yml,avellaneda_market_making,kucoin,AVAX-USDT,AVAX,USDT,1658946074000,SAXUT18240e4221a820b0816d0490c3a1ca21d43,SELL,LIMIT_MAKER,22.04,2,1,"{'fee_type': 'AddedToCost', 'percent': '0.001', 'percent_token': None, 'flat_fees': []}",NIL,00:00:05
62e1846d4f42a87422c11630,conf_avellaneda_market_making_1.yml,avellaneda_market_making,kucoin,AVAX-USDT,AVAX,USDT,1658946669000,BAXUT18240ed3643820b0816d0490c3a1ca21d43,BUY,LIMIT_MAKER,22.179,2,1,"{'fee_type': 'AddedToCost', 'percent': '0.001', 'percent_token': None, 'flat_fees': []}",NIL,00:00:05
62e184734f42a87422c118ab,conf_avellaneda_market_making_1.yml,avellaneda_market_making,kucoin,AVAX-USDT,AVAX,USDT,1658946675000,BAXUT18240ed4dea820b0816d0490c3a1ca21d43,BUY,LIMIT_MAKER,22.143,2,1,"{'fee_type': 'AddedToCost', 'percent': '0.001', 'percent_token': None, 'flat_fees': []}",NIL,00:00:05
62e184f04f42a87422c14542,conf_avellaneda_market_making_1.yml,avellaneda_market_making,kucoin,AVAX-USDT,AVAX,USDT,1658946800000,BAXUT18240ef35fc820b0816d0490c3a1ca21d43,BUY,LIMIT_MAKER,22.076,2,1,"{'fee_type': 'AddedToCost', 'percent': '0.001', 'percent_token': None, 'flat_fees': []}",NIL,00:00:05
62e184f54f42a87422c147f4,conf_avellaneda_market_making_1.yml,avellaneda_market_making,kucoin,AVAX-USDT,AVAX,USDT,1658946805000,BAXUT18240ef4d6e820b0816d0490c3a1ca21d43,BUY,LIMIT_MAKER,22.044,2,1,"{'fee_type': 'AddedToCost', 'percent': '0.001', 'percent_token': None, 'flat_fees': []}",NIL,00:00:04
62e1852a4f42a87422c1603f,conf_avellaneda_market_making_1.yml,avellaneda_market_making,kucoin,AVAX-USDT,AVAX,USDT,1658946858000,SAXUT18240ef4d6f820b0816d0490c3a1ca21d43,SELL,LIMIT_MAKER,22.111,2,1,"{'fee_type': 'AddedToCost', 'percent': '0.001', 'percent_token': None, 'flat_fees': []}",NIL,00:00:57
62e185684f42a87422c180a6,conf_avellaneda_market_making_1.yml,avellaneda_market_making,kucoin,AVAX-USDT,AVAX,USDT,1658946920000,SAXUT18240f11a5d820b0816d0490c3a1ca21d43,SELL,LIMIT_MAKER,22.362,2,1,"{'fee_type': 'AddedToCost', 'percent': '0.001', 'percent_token': None, 'flat_fees': []}",NIL,00:00:01
62e185a84f42a87422c1a58b,conf_avellaneda_market_making_1.yml,avellaneda_market_making,kucoin,AVAX-USDT,AVAX,USDT,1658946984000,BAXUT18240f20c96820b0816d0490c3a1ca21d43,BUY,LIMIT_MAKER,22.354,2,1,"{'fee_type': 'AddedToCost', 'percent': '0.001', 'percent_token': None, 'flat_fees': []}",NIL,00:00:03
62e185a84f42a87422c1a5bd,conf_avellaneda_market_making_1.yml,avellaneda_market_making,kucoin,AVAX-USDT,AVAX,USDT,1658946984000,SAXUT18240f20c97820b0816d0490c3a1ca21d43,SELL,LIMIT_MAKER,22.422,2,1,"{'fee_type': 'AddedToCost', 'percent': '0.001', 'percent_token': None, 'flat_fees': []}",NIL,00:00:03
62e185e74f42a87422c1ceb7,conf_avellaneda_market_making_1.yml,avellaneda_market_making,kucoin,AVAX-USDT,AVAX,USDT,1658947047000,BAXUT18240f30694820b0816d0490c3a1ca21d43,BUY,LIMIT_MAKER,22.603,2,1,"{'fee_type': 'AddedToCost', 'percent': '0.001', 'percent_token': None, 'flat_fees': []}",NIL,00:00:02
62e186364f42a87422c1ff53,conf_avellaneda_market_making_1.yml,avellaneda_market_making,kucoin,AVAX-USDT,AVAX,USDT,1658947126000,SAXUT18240f442f8820b0816d0490c3a1ca21d43,SELL,LIMIT_MAKER,22.619,0.1867,1,"{'fee_type': 'AddedToCost', 'percent': '0.001', 'percent_token': None, 'flat_fees': []}",NIL,00:00:00
62e186374f42a87422c1ffdb,conf_avellaneda_market_making_1.yml,avellaneda_market_making,kucoin,AVAX-USDT,AVAX,USDT,1658947127000,SAXUT18240f442f8820b0816d0490c3a1ca21d43,SELL,LIMIT_MAKER,22.619,1.8133,1,"{'fee_type': 'AddedToCost', 'percent': '0.001', 'percent_token': None, 'flat_fees': []}",NIL,00:00:01
62e186764f42a87422c21f17,conf_avellaneda_market_making_1.yml,avellaneda_market_making,kucoin,AVAX-USDT,AVAX,USDT,1658947190000,SAXUT18240f5352e820b0816d0490c3a1ca21d43,SELL,LIMIT_MAKER,22.732,2,1,"{'fee_type': 'AddedToCost', 'percent': '0.001', 'percent_token': None, 'flat_fees': []}",NIL,00:00:02
62e186b44f42a87422c24666,conf_avellaneda_market_making_1.yml,avellaneda_market_making,kucoin,AVAX-USDT,AVAX,USDT,1658947252000,SAXUT18240f62b3e820b0816d0490c3a1ca21d43,SELL,LIMIT_MAKER,22.895,2,1,"{'fee_type': 'AddedToCost', 'percent': '0.001', 'percent_token': None, 'flat_fees': []}",NIL,00:00:01
62e186f74f42a87422c27708,conf_avellaneda_market_making_1.yml,avellaneda_market_making,kucoin,AVAX-USDT,AVAX,USDT,1658947319000,BAXUT18240f734e3820b0816d0490c3a1ca21d43,BUY,LIMIT_MAKER,23.023,2,1,"{'fee_type': 'AddedToCost', 'percent': '0.001', 'percent_token': None, 'flat_fees': []}",NIL,00:00:00
62e187374f42a87422c29c21,conf_avellaneda_market_making_1.yml,avellaneda_market_making,kucoin,AVAX-USDT,AVAX,USDT,1658947383000,SAXUT18240f8232d820b0816d0490c3a1ca21d43,SELL,LIMIT_MAKER,22.863,2,1,"{'fee_type': 'AddedToCost', 'percent': '0.001', 'percent_token': None, 'flat_fees': []}",NIL,00:00:03
62e187894f42a87422c2be8b,conf_avellaneda_market_making_1.yml,avellaneda_market_making,kucoin,AVAX-USDT,AVAX,USDT,1658947465000,BAXUT18240f96377820b0816d0490c3a1ca21d43,BUY,LIMIT_MAKER,22.834,2,1,"{'fee_type': 'AddedToCost', 'percent': '0.001', 'percent_token': None, 'flat_fees': []}",NIL,00:00:03
62e187da4f42a87422c2e456,conf_avellaneda_market_making_1.yml,avellaneda_market_making,kucoin,AVAX-USDT,AVAX,USDT,1658947546000,SAXUT18240faa3c5820b0816d0490c3a1ca21d43,SELL,LIMIT_MAKER,22.889,2,1,"{'fee_type': 'AddedToCost', 'percent': '0.001', 'percent_token': None, 'flat_fees': []}",NIL,00:00:02
62e187f24f42a87422c2ee9d,conf_avellaneda_market_making_1.yml,avellaneda_market_making,kucoin,AVAX-USDT,AVAX,USDT,1658947569000,BAXUT18240faa3c4820b0816d0490c3a1ca21d43,BUY,LIMIT_MAKER,22.82,2,1,"{'fee_type': 'AddedToCost', 'percent': '0.001', 'percent_token': None, 'flat_fees': []}",NIL,00:00:25
62e188374f42a87422c30a58,conf_avellaneda_market_making_1.yml,avellaneda_market_making,kucoin,AVAX-USDT,AVAX,USDT,1658947638000,BAXUT18240fc0b27820b0816d0490c3a1ca21d43,BUY,LIMIT_MAKER,22.744,0.7652,1,"{'fee_type': 'AddedToCost', 'percent': '0.001', 'percent_token': None, 'flat_fees': []}",NIL,00:00:02
62e188374f42a87422c30a59,conf_avellaneda_market_making_1.yml,avellaneda_market_making,kucoin,AVAX-USDT,AVAX,USDT,1658947638000,BAXUT18240fc0b27820b0816d0490c3a1ca21d43,BUY,LIMIT_MAKER,22.744,1.2348,1,"{'fee_type': 'AddedToCost', 'percent': '0.001', 'percent_token': None, 'flat_fees': []}",NIL,00:00:02
62e188884f42a87422c3266f,conf_avellaneda_market_making_1.yml,avellaneda_market_making,kucoin,AVAX-USDT,AVAX,USDT,1658947720000,BAXUT18240fd478e820b0816d0490c3a1ca21d43,BUY,LIMIT_MAKER,22.728,0.5313,1,"{'fee_type': 'AddedToCost', 'percent': '0.001', 'percent_token': None, 'flat_fees': []}",NIL,00:00:03
62e188ca4f42a87422c33ea5,conf_avellaneda_market_making_1.yml,avellaneda_market_making,kucoin,AVAX-USDT,AVAX,USDT,1658947786000,SAXUT18240fe4963820b0816d0490c3a1ca21d43,SELL,LIMIT_MAKER,22.719,2,1,"{'fee_type': 'AddedToCost', 'percent': '0.001', 'percent_token': None, 'flat_fees': []}",NIL,00:00:03
62e1891c4f42a87422c36390,conf_avellaneda_market_making_1.yml,avellaneda_market_making,kucoin,AVAX-USDT,AVAX,USDT,1658947868000,SAXUT18240ff89b1820b0816d0490c3a1ca21d43,SELL,LIMIT_MAKER,22.766,2,1,"{'fee_type': 'AddedToCost', 'percent': '0.001', 'percent_token': None, 'flat_fees': []}",NIL,00:00:03
62e1895c4f42a87422c384ce,conf_avellaneda_market_making_1.yml,avellaneda_market_making,kucoin,AVAX-USDT,AVAX,USDT,1658947932000,BAXUT182410083d5820b0816d0490c3a1ca21d43,BUY,LIMIT_MAKER,22.853,2,1,"{'fee_type': 'AddedToCost', 'percent': '0.001', 'percent_token': None, 'flat_fees': []}",NIL,00:00:03
62e189664f42a87422c38c8c,conf_avellaneda_market_making_1.yml,avellaneda_market_making,kucoin,AVAX-USDT,AVAX,USDT,1658947942000,SAXUT182410083d6820b0816d0490c3a1ca21d43,SELL,LIMIT_MAKER,22.921,0.5313,1,"{'fee_type': 'AddedToCost', 'percent': '0.001', 'percent_token': None, 'flat_fees': []}",NIL,00:00:13
62e189ad4f42a87422c3b2fd,conf_avellaneda_market_making_1.yml,avellaneda_market_making,kucoin,AVAX-USDT,AVAX,USDT,1658948013000,SAXUT1824101bc2d820b0816d0490c3a1ca21d43,SELL,LIMIT_MAKER,22.87,2,1,"{'fee_type': 'AddedToCost', 'percent': '0.001', 'percent_token': None, 'flat_fees': []}",NIL,00:00:04
62e18abd4f42a87422c41751,conf_avellaneda_market_making_1.yml,avellaneda_market_making,kucoin,AVAX-USDT,AVAX,USDT,1658948285000,BAXUT1824105eab0820b0816d0490c3a1ca21d43,BUY,LIMIT_MAKER,22.763,2,1,"{'fee_type': 'AddedToCost', 'percent': '0.001', 'percent_token': None, 'flat_fees': []}",NIL,00:00:02
62e18c574f42a87422c49cb7,conf_avellaneda_market_making_1.yml,avellaneda_market_making,kucoin,AVAX-USDT,AVAX,USDT,1658948695000,SAXUT182410c2835820b0816d0490c3a1ca21d43,SELL,LIMIT_MAKER,22.953,2,1,"{'fee_type': 'AddedToCost', 'percent': '0.001', 'percent_token': None, 'flat_fees': []}",NIL,00:00:03
62e18cf74f42a87422c4d25a,conf_avellaneda_market_making_1.yml,avellaneda_market_making,kucoin,AVAX-USDT,AVAX,USDT,1658948855000,BAXUT182410e953f820b0816d0490c3a1ca21d43,BUY,LIMIT_MAKER,23.019,2,1,"{'fee_type': 'AddedToCost', 'percent': '0.001', 'percent_token': None, 'flat_fees': []}",NIL,00:00:04
62e18d3d4f42a87422c4eb54,conf_avellaneda_market_making_1.yml,avellaneda_market_making,kucoin,AVAX-USDT,AVAX,USDT,1658948925000,BAXUT182410f9328820b0816d0490c3a1ca21d43,BUY,LIMIT_MAKER,22.973,2,1,"{'fee_type': 'AddedToCost', 'percent': '0.001', 'percent_token': None, 'flat_fees': []}",NIL,00:00:09
62e18d824f42a87422c50351,conf_avellaneda_market_making_1.yml,avellaneda_market_making,kucoin,AVAX-USDT,AVAX,USDT,1658948994000,BAXUT1824110bc07820b0816d0490c3a1ca21d43,BUY,LIMIT_MAKER,22.97,2,1,"{'fee_type': 'AddedToCost', 'percent': '0.001', 'percent_token': None, 'flat_fees': []}",NIL,00:00:02
62e18de44f42a87422c529dc,conf_avellaneda_market_making_1.yml,avellaneda_market_making,kucoin,AVAX-USDT,AVAX,USDT,1658949092000,BAXUT18241123ada820b0816d0490c3a1ca21d43,BUY,LIMIT_MAKER,22.932,2,1,"{'fee_type': 'AddedToCost', 'percent': '0.001', 'percent_token': None, 'flat_fees': []}",NIL,00:00:02
62e18e3d4f42a87422c542c3,conf_avellaneda_market_making_1.yml,avellaneda_market_making,kucoin,AVAX-USDT,AVAX,USDT,1658949181000,BAXUT18241138eae820b0816d0490c3a1ca21d43,BUY,LIMIT_MAKER,22.922,2,1,"{'fee_type': 'AddedToCost', 'percent': '0.001', 'percent_token': None, 'flat_fees': []}",NIL,00:00:04
62e18f054f42a87422c579ff,conf_avellaneda_market_making_1.yml,avellaneda_market_making,kucoin,AVAX-USDT,AVAX,USDT,1658949381000,BAXUT1824116a7a6820b0816d0490c3a1ca21d43,BUY,LIMIT_MAKER,22.877,2,1,"{'fee_type': 'AddedToCost', 'percent': '0.001', 'percent_token': None, 'flat_fees': []}",NIL,00:00:01
62e18f144f42a87422c57fb7,conf_avellaneda_market_making_1.yml,avellaneda_market_making,kucoin,AVAX-USDT,AVAX,USDT,1658949396000,SAXUT1824116a7a7820b0816d0490c3a1ca21d43,SELL,LIMIT_MAKER,22.945,2,1,"{'fee_type': 'AddedToCost', 'percent': '0.001', 'percent_token': None, 'flat_fees': []}",NIL,00:00:16
62e18f614f42a87422c59a58,conf_avellaneda_market_making_1.yml,avellaneda_market_making,kucoin,AVAX-USDT,AVAX,USDT,1658949473000,SAXUT18241180355820b0816d0490c3a1ca21d43,SELL,LIMIT_MAKER,23.05,2,1,"{'fee_type': 'AddedToCost', 'percent': '0.001', 'percent_token': None, 'flat_fees': []}",NIL,00:00:04
62e18fa64f42a87422c5bbb9,conf_avellaneda_market_making_1.yml,avellaneda_market_making,kucoin,AVAX-USDT,AVAX,USDT,1658949542000,SAXUT182411918a5820b0816d0490c3a1ca21d43,SELL,LIMIT_MAKER,23.028,2,1,"{'fee_type': 'AddedToCost', 'percent': '0.001', 'percent_token': None, 'flat_fees': []}",NIL,00:00:02
62e18fe64f42a87422c5dab4,conf_avellaneda_market_making_1.yml,avellaneda_market_making,kucoin,AVAX-USDT,AVAX,USDT,1658949606000,BAXUT182411a0ec8820b0816d0490c3a1ca21d43,BUY,LIMIT_MAKER,23.11,2,1,"{'fee_type': 'AddedToCost', 'percent': '0.001', 'percent_token': None, 'flat_fees': []}",NIL,00:00:03
